[{
    "municipalityId" : 257,
    "stateId" : 3,
    "districtId": 22,
    "wardTotal": 10,
    "municipalityName":"कमलामाई नगरपालिका"
},
    {
        "municipalityId" : 258,
        "stateId" : 3,
        "districtId": 22,
        "wardTotal": 10,
        "municipalityName":"दुधौली नगरपालिका"
    },
    {
        "municipalityId" : 259,
        "stateId" : 3,
        "districtId": 22,
        "wardTotal": 10,
        "municipalityName":"गोलन्जर गाउँपालिका"
    },
    {
        "municipalityId" : 260,
        "stateId" : 3,
        "districtId": 22,
        "wardTotal": 10,
        "municipalityName":"घ्याङलेख गाउँपालिका"
    },
    {
        "municipalityId" : 261,
        "stateId" : 3,
        "districtId": 22,
        "wardTotal": 10,
        "municipalityName":"तीनपाटन गाउँपालिका"
    },
    {
        "municipalityId" : 262,
        "stateId" : 3,
        "districtId": 22,
        "wardTotal": 10,
        "municipalityName":"फिक्कल गाउँपालिका"
    },
    {
        "municipalityId" : 263,
        "stateId" : 3,
        "districtId": 22,
        "wardTotal": 10,
        "municipalityName":"मरिण गाउँपालिका"
    },
    {
        "municipalityId" : 264,
        "stateId" : 3,
        "districtId": 22,
        "wardTotal": 10,
        "municipalityName":"सुनकोशी गाउँपालिका"
    },
    {
        "municipalityId" : 265,
        "stateId" : 3,
        "districtId": 22,
        "wardTotal": 10,
        "municipalityName":"हरिहरपुरगढी गाउँपालिका"
    },
    {
        "municipalityId" : 266,
        "stateId" : 3,
        "districtId": 23,
        "wardTotal": 10,
        "municipalityName":"मन्थली नगरपालिका"
    },
    {
        "municipalityId" : 267,
        "stateId" : 3,
        "districtId": 23,
        "wardTotal": 10,
        "municipalityName":"रामेछाप नगरपालिका"
    },
    {
        "municipalityId" : 268,
        "stateId" : 3,
        "districtId": 23,
        "wardTotal": 10,
        "municipalityName":"उमाकुण्ड गाउँपालिका"
    },
    {
        "municipalityId" : 269,
        "stateId" : 3,
        "districtId": 23,
        "wardTotal": 10,
        "municipalityName":"खाँडादेवी गाउँपालिका"
    },
    {
        "municipalityId" : 270,
        "stateId" : 3,
        "districtId": 23,
        "wardTotal": 10,
        "municipalityName":"गोकुलगङ्गा गाउँपालिका"
    },
    {
        "municipalityId" : 271,
        "stateId" : 3,
        "districtId": 23,
        "wardTotal": 10,
        "municipalityName":"दोरम्बा गाउँपालिका"
    },
    {
        "municipalityId" : 272,
        "stateId" : 3,
        "districtId": 23,
        "wardTotal": 10,
        "municipalityName":"लिखु तामाकोशी गाउँपालिका"
    },
    {
        "municipalityId" : 273,
        "stateId" : 3,
        "districtId": 23,
        "wardTotal": 10,
        "municipalityName":"सुनापती गाउँपालिका"
    },
    {
        "municipalityId" : 274,
        "stateId" : 3,
        "districtId": 24,
        "wardTotal": 10,
        "municipalityName":"जिरी नगरपालिका"
    },
    {
        "municipalityId" : 275,
        "stateId" : 3,
        "districtId": 24,
        "wardTotal": 10,
        "municipalityName":"भिमेश्वर नगरपालिका"
    },
    {
        "municipalityId" : 276,
        "stateId" : 3,
        "districtId": 24,
        "wardTotal": 10,
        "municipalityName":"कालिन्चोक गाउँपालिका"
    },
    {
        "municipalityId" : 277,
        "stateId" : 3,
        "districtId": 24,
        "wardTotal": 10,
        "municipalityName":"गौरीशङ्कर गाउँपालिका"
    },
    {
        "municipalityId" : 278,
        "stateId" : 3,
        "districtId": 24,
        "wardTotal": 10,
        "municipalityName":"तामाकोशी गाउँपालिका"
    },
    {
        "municipalityId" : 279,
        "stateId" : 3,
        "districtId": 24,
        "wardTotal": 10,
        "municipalityName":"मेलुङ्ग गाउँपालिका"
    },
    {
        "municipalityId" : 280,
        "stateId" : 3,
        "districtId": 24,
        "wardTotal": 10,
        "municipalityName":"विगु गाउँपालिका"
    },
    {
        "municipalityId" : 281,
        "stateId" : 3,
        "districtId": 24,
        "wardTotal": 10,
        "municipalityName":"वैतेश्वर गाउँपालिका"
    },
    {
        "municipalityId" : 282,
        "stateId" : 3,
        "districtId": 24,
        "wardTotal": 10,
        "municipalityName":"शैलुङ्ग गाउँपालिका"
    },
    {
        "municipalityId" : 283,
        "stateId" : 3,
        "districtId": 25,
        "wardTotal": 10,
        "municipalityName":"चौतारा साँगाचोकगढी नगरपालिका"
    },
    {
        "municipalityId" : 284,
        "stateId" : 3,
        "districtId": 25,
        "wardTotal": 10,
        "municipalityName":"बाह्रविसे नगरपालिका"
    },
    {
        "municipalityId" : 285,
        "stateId" : 3,
        "districtId": 25,
        "wardTotal": 10,
        "municipalityName":"मेलम्ची नगरपालिका"
    },
    {
        "municipalityId" : 286,
        "stateId" : 3,
        "districtId": 25,
        "wardTotal": 10,
        "municipalityName":"ईन्द्रावती गाउँपालिका"
    },
    {
        "municipalityId" : 287,
        "stateId" : 3,
        "districtId": 25,
        "wardTotal": 10,
        "municipalityName":"जुगल गाउँपालिका"
    },
    {
        "municipalityId" : 289,
        "stateId" : 3,
        "districtId": 25,
        "wardTotal": 10,
        "municipalityName":"पाँचपोखरी थाङपाल गाउँपालिका"
    },
    {
        "municipalityId" : 290,
        "stateId" : 3,
        "districtId": 25,
        "wardTotal": 10,
        "municipalityName":"बलेफी गाउँपालिका"
    },
    {
        "municipalityId" : 291,
        "stateId" : 3,
        "districtId": 25,
        "wardTotal": 10,
        "municipalityName":"भोटेकोशी गाउँपालिका"
    },
    {
        "municipalityId" : 292,
        "stateId" : 3,
        "districtId": 25,
        "wardTotal": 10,
        "municipalityName":"लिसङ्खु पाखर गाउँपालिका"
    },
    {
        "municipalityId" : 293,
        "stateId" : 3,
        "districtId": 25,
        "wardTotal": 10,
        "municipalityName":"सुनकोशी गाउँपालिका"
    },
    {
        "municipalityId" : 294,
        "stateId" : 3,
        "districtId": 25,
        "wardTotal": 10,
        "municipalityName":"हेलम्बु गाउँपालिका"
    },
    {
        "municipalityId" : 295,
        "stateId" : 3,
        "districtId": 25,
        "wardTotal": 10,
        "municipalityName":"त्रिपुरासुन्दरी गाउँपालिका"
    },
    {
        "municipalityId" : 296,
        "stateId" : 3,
        "districtId": 26,
        "wardTotal": 10,
        "municipalityName":"धुलिखेल नगरपालिका"
    },
    {
        "municipalityId" : 297,
        "stateId" : 3,
        "districtId": 26,
        "wardTotal": 10,
        "municipalityName":"बनेपा नगरपालिका"
    },
    {
        "municipalityId" : 298,
        "stateId" : 3,
        "districtId": 26,
        "wardTotal": 10,
        "municipalityName":"पनौती नगरपालिका"
    },
    {
        "municipalityId" : 299,
        "stateId" : 3,
        "districtId": 26,
        "wardTotal": 10,
        "municipalityName":"पाँचखाल नगरपालिका"
    },
    {
        "municipalityId" : 300,
        "stateId" : 3,
        "districtId": 26,
        "wardTotal": 10,
        "municipalityName":"नमोबुद्ध नगरपालिका"
    },
    {
        "municipalityId" : 301,
        "stateId" : 3,
        "districtId": 26,
        "wardTotal": 10,
        "municipalityName":"मण्डनदेउपुर नगरपालिका"
    },
    {
        "municipalityId" : 302,
        "stateId" : 3,
        "districtId": 26,
        "wardTotal": 10,
        "municipalityName":"खानीखोला गाउँपालिका"
    },
    {
        "municipalityId" : 303,
        "stateId" : 3,
        "districtId": 26,
        "wardTotal": 10,
        "municipalityName":"चौंरीदेउराली गाउँपालिका"
    },
    {
        "municipalityId" : 304,
        "stateId" : 3,
        "districtId": 26,
        "wardTotal": 10,
        "municipalityName":"तेमाल गाउँपालिका"
    },
    {
        "municipalityId" : 305,
        "stateId" : 3,
        "districtId": 26,
        "wardTotal": 10,
        "municipalityName":"बेथानचोक गाउँपालिका"
    },
    {
        "municipalityId" : 306,
        "stateId" : 3,
        "districtId": 26,
        "wardTotal": 10,
        "municipalityName":"भुम्लु गाउँपालिका"
    },
    {
        "municipalityId" : 307,
        "stateId" : 3,
        "districtId": 26,
        "wardTotal": 10,
        "municipalityName":"महाभारत गाँउपालिका"
    },
    {
        "municipalityId" : 308,
        "stateId" : 3,
        "districtId": 26,
        "wardTotal": 10,
        "municipalityName":"रोशी गाउँपालिका"
    },
    {
        "municipalityId" : 309,
        "stateId" : 3,
        "districtId": 27,
        "wardTotal": 10,
        "municipalityName":"ललितपुर महानगरपालिका"
    },
    {
        "municipalityId" : 310,
        "stateId" : 3,
        "districtId": 27,
        "wardTotal": 10,
        "municipalityName":"गोदावरी नगरपालिका"
    },
    {
        "municipalityId" : 311,
        "stateId" : 3,
        "districtId": 27,
        "wardTotal": 10,
        "municipalityName":"महालक्ष्मी नगरपालिका"
    },
    {
        "municipalityId" : 312,
        "stateId" : 3,
        "districtId": 27,
        "wardTotal": 10,
        "municipalityName":"कोन्ज्योसोम गाउँपालिका"
    },
    {
        "municipalityId" : 313,
        "stateId" : 3,
        "districtId": 27,
        "wardTotal": 10,
        "municipalityName":"बागमती गाउँपालिका"
    },
    {
        "municipalityId" : 314,
        "stateId" : 3,
        "districtId": 27,
        "wardTotal": 10,
        "municipalityName":"महाङ्काल गाउँपालिका"
    },
    {
        "municipalityId" : 315,
        "stateId" : 3,
        "districtId": 28,
        "wardTotal": 10,
        "municipalityName":"चाँगुनारायण नगरपालिका"
    },
    {
        "municipalityId" : 316,
        "stateId" : 3,
        "districtId": 28,
        "wardTotal": 10,
        "municipalityName":"भक्तपुर नगरपालिका"
    },
    {
        "municipalityId" : 317,
        "stateId" : 3,
        "districtId": 28,
        "wardTotal": 10,
        "municipalityName":"मध्यपुर थिमी नगरपालिका"
    },
    {
        "municipalityId" : 318,
        "stateId" : 3,
        "districtId": 28,
        "wardTotal": 10,
        "municipalityName":"सूर्यविनायक नगरपालिका"
    },
    {
        "municipalityId" : 319,
        "stateId" : 3,
        "districtId": 29,
        "wardTotal": 10,
        "municipalityName":"काठमाण्डौं महानगरपालिका"
    },
    {
        "municipalityId" : 320,
        "stateId" : 3,
        "districtId": 29,
        "wardTotal": 10,
        "municipalityName":"कागेश्वरी मनोहरा नगरपालिका"
    },
    {
        "municipalityId" : 21,
        "stateId" : 3,
        "districtId": 29,
        "wardTotal": 10,
        "municipalityName":"कीर्तिपुर नगरपालिका"
    },
    {
        "municipalityId" : 322,
        "stateId" : 3,
        "districtId": 29,
        "wardTotal": 10,
        "municipalityName":"गोकर्णेश्वर नगरपालिका"
    },
    {
        "municipalityId" : 323,
        "stateId" : 3,
        "districtId": 29,
        "wardTotal": 10,
        "municipalityName":"चन्द्रागिरी नगरपालिका"
    },
    {
        "municipalityId" : 324,
        "stateId" : 3,
        "districtId": 29,
        "wardTotal": 10,
        "municipalityName":"टोखा नगरपालिका"
    },
    {
        "municipalityId" : 325,
        "stateId" : 3,
        "districtId": 29,
        "wardTotal": 10,
        "municipalityName":"तारकेश्वर नगरपालिका"
    },
    {
        "municipalityId" : 326,
        "stateId" : 3,
        "districtId": 29,
        "wardTotal": 10,
        "municipalityName":"दक्षिणकाली नगरपालिका"
    },
    {
        "municipalityId" : 327,
        "stateId" : 3,
        "districtId": 29,
        "wardTotal": 10,
        "municipalityName":"नागार्जुन नगरपालिका"
    },
    {
        "municipalityId" : 328,
        "stateId" : 3,
        "districtId": 29,
        "wardTotal": 10,
        "municipalityName":"बुढानिलकण्ठ नगरपालिका"
    },
    {
        "municipalityId" : 329,
        "stateId" : 3,
        "districtId": 29,
        "wardTotal": 10,
        "municipalityName":"शङ्खरापुर नगरपालिका"
    },
    {
        "municipalityId" : 330,
        "stateId" : 3,
        "districtId": 30,
        "wardTotal": 10,
        "municipalityName":"विदुर नगरपालिका"
    },
    {
        "municipalityId" : 331,
        "stateId" : 3,
        "districtId": 30,
        "wardTotal": 10,
        "municipalityName":"बेलकोटगढी नगरपालिका"
    },
    {
        "municipalityId" : 332,
        "stateId" : 3,
        "districtId": 30,
        "wardTotal": 10,
        "municipalityName":"ककनी गाउँपालिका"
    },
    {
        "municipalityId" : 333,
        "stateId" : 3,
        "districtId": 30,
        "wardTotal": 10,
        "municipalityName":"किस्पाङ गाउँपालिका"
    },
    {
        "municipalityId" : 334,
        "stateId" : 3,
        "districtId": 30,
        "wardTotal": 10,
        "municipalityName":"तादी गाउँपालिका"
    },
    {
        "municipalityId" : 335,
        "stateId" : 3,
        "districtId": 30,
        "wardTotal": 10,
        "municipalityName":"तारकेश्वर गाउँपालिका"
    },
    {
        "municipalityId" : 336,
        "stateId" : 3,
        "districtId": 30,
        "wardTotal": 10,
        "municipalityName":"दुप्चेश्वर गाउँपालिका"
    },
    {
        "municipalityId" : 337,
        "stateId" : 3,
        "districtId": 30,
        "wardTotal": 10,
        "municipalityName":"पञ्चकन्या गाउँपालिका"
    },
    {
        "municipalityId" : 338,
        "stateId" : 3,
        "districtId": 30,
        "wardTotal": 10,
        "municipalityName":"लिखु गाउँपालिका"
    },
    {
        "municipalityId" : 339,
        "stateId" : 3,
        "districtId": 30,
        "wardTotal": 10,
        "municipalityName":"म्यगङ गाउँपालिका"
    },
    {
        "municipalityId" : 340,
        "stateId" : 3,
        "districtId": 30,
        "wardTotal": 10,
        "municipalityName":"शिवपुरी गाउँपालिका"
    },
    {
        "municipalityId" : 341,
        "stateId" : 3,
        "districtId": 30,
        "wardTotal": 10,
        "municipalityName":"सुर्यगढी गाउँपालिका"
    },
    {
        "municipalityId" : 342,
        "stateId" : 3,
        "districtId": 31,
        "wardTotal": 10,
        "municipalityName":"उत्तरगया गाउँपालिका"
    },
    {
        "municipalityId" : 343,
        "stateId" : 3,
        "districtId": 31,
        "wardTotal": 10,
        "municipalityName":"कालिका गाउँपालिका"
    },
    {
        "municipalityId" : 344,
        "stateId" : 3,
        "districtId": 31,
        "wardTotal": 10,
        "municipalityName":"गोसाईकुण्ड गाउँपालिका"
    },
    {
        "municipalityId" : 345,
        "stateId" : 3,
        "districtId": 31,
        "wardTotal": 10,
        "municipalityName":"नौकुण्ड गाउँपालिका"
    },
    {
        "municipalityId" : 346,
        "stateId" : 3,
        "districtId": 31,
        "wardTotal": 10,
        "municipalityName":"आमाछोदिङमो गाउँपालिका"
    },
    {
        "municipalityId" : 347,
        "stateId" : 3,
        "districtId": 32,
        "wardTotal": 10,
        "municipalityName":"धुनीबेंशी नगरपालिका"
    },
    {
        "municipalityId" : 348,
        "stateId" : 3,
        "districtId": 32,
        "wardTotal": 10,
        "municipalityName":"निलकण्ठ नगरपालिका"
    },
    {
        "municipalityId" : 349,
        "stateId" : 3,
        "districtId": 32,
        "wardTotal": 10,
        "municipalityName":"खनियाबास गाउँपालिका"
    },
    {
        "municipalityId" : 350,
        "stateId" : 3,
        "districtId": 32,
        "wardTotal": 10,
        "municipalityName":"गजुरी गाउँपालिका"
    },
    {
        "municipalityId" : 351,
        "stateId" : 3,
        "districtId": 32,
        "wardTotal": 10,
        "municipalityName":"गल्छी गाउँपालिका"
    },
    {
        "municipalityId" : 352,
        "stateId" : 3,
        "districtId": 32,
        "wardTotal": 10,
        "municipalityName":"गङ्गाजमुना गाउँपालिका"
    },
    {
        "municipalityId" : 353,
        "stateId" : 3,
        "districtId": 32,
        "wardTotal": 10,
        "municipalityName":"ज्वालामूखी गाउँपालिका"
    },
    {
        "municipalityId" : 354,
        "stateId" : 3,
        "districtId": 32,
        "wardTotal": 10,
        "municipalityName":"थाक्रे गाउँपालिका"
    },
    {
        "municipalityId" : 355,
        "stateId" : 3,
        "districtId": 32,
        "wardTotal": 10,
        "municipalityName":"नेत्रावती डबजोङ गाउँपालिका"
    },
    {
        "municipalityId" : 356,
        "stateId" : 3,
        "districtId": 32,
        "wardTotal": 10,
        "municipalityName":"बेनीघाट रोराङ्ग गाउँपालिका"
    },
    {
        "municipalityId" : 357,
        "stateId" : 3,
        "districtId": 32,
        "wardTotal": 10,
        "municipalityName":"रुवी भ्याली गाउँपालिका"
    },
    {
        "municipalityId" : 358,
        "stateId" : 3,
        "districtId": 32,
        "wardTotal": 10,
        "municipalityName":"सिद्धलेक गाउँपालिका"
    },
    {
        "municipalityId" : 359,
        "stateId" : 3,
        "districtId": 32,
        "wardTotal": 10,
        "municipalityName":"त्रिपुरासुन्दरी गाउँपालिका"
    },
    {
        "municipalityId" : 360,
        "stateId" : 3,
        "districtId": 33,
        "wardTotal": 10,
        "municipalityName":"हेटौडा उपमहानगरपालिका"
    },
    {
        "municipalityId" : 361,
        "stateId" : 3,
        "districtId": 33,
        "wardTotal": 10,
        "municipalityName":"थाहा नगरपालिका"
    },
    {
        "municipalityId" : 362,
        "stateId" : 3,
        "districtId": 33,
        "wardTotal": 10,
        "municipalityName":"इन्द्रसरोबर गाउँपालिका"
    },
    {
        "municipalityId" : 363,
        "stateId" : 3,
        "districtId": 33,
        "wardTotal": 10,
        "municipalityName":"कैलाश गाउँपालिका"
    },
    {
        "municipalityId" : 364,
        "stateId" : 3,
        "districtId": 33,
        "wardTotal": 10,
        "municipalityName":"बकैया गाउँपालिका"
    },
    {
        "municipalityId" : 365,
        "stateId" : 3,
        "districtId": 33,
        "wardTotal": 10,
        "municipalityName":"बाग्मति गाउँपालिका"
    },
    {
        "municipalityId" : 366,
        "stateId" : 3,
        "districtId": 33,
        "wardTotal": 10,
        "municipalityName":"भिमफेदी गाउँपालिका"
    },
    {
        "municipalityId" : 367,
        "stateId" : 3,
        "districtId": 33,
        "wardTotal": 10,
        "municipalityName":"मकवानपुरगढी गाउँपालिका"
    },
    {
        "municipalityId" : 368,
        "stateId" : 3,
        "districtId": 33,
        "wardTotal": 10,
        "municipalityName":"मनहरी गाउँपालिका"
    },
    {
        "municipalityId" : 369,
        "stateId" : 3,
        "districtId": 33,
        "wardTotal": 10,
        "municipalityName":"राक्सिराङ्ग गाउँपालिका"
    },
    {
        "municipalityId" : 370,
        "stateId" : 3,
        "districtId": 19,
        "wardTotal": 10,
        "municipalityName":"चन्द्रपुर नगरपालिका"
    },
    {
        "municipalityId" : 371,
        "stateId" : 3,
        "districtId": 19,
        "wardTotal": 10,
        "municipalityName":"गरुडा नगरपालिका"
    },
    {
        "municipalityId" : 372,
        "stateId" : 3,
        "districtId": 19,
        "wardTotal": 10,
        "municipalityName":"गौर नगरपालिका"
    },
    {
        "municipalityId" : 373,
        "stateId" : 3,
        "districtId": 19,
        "wardTotal": 10,
        "municipalityName":"बौधीमाई नगरपालिका"
    },
    {
        "municipalityId" : 374,
        "stateId" : 3,
        "districtId": 19,
        "wardTotal": 10,
        "municipalityName":"बृन्दावन नगरपालिका"
    },
    {
        "municipalityId" : 375,
        "stateId" : 3,
        "districtId": 19,
        "wardTotal": 10,
        "municipalityName":"देवाही गोनाही नगरपालिका"
    },
    {
        "municipalityId" : 376,
        "stateId" : 3,
        "districtId": 19,
        "wardTotal": 10,
        "municipalityName":"गढीमाई नगरपालिका"
    },
    {
        "municipalityId" : 377,
        "stateId" : 3,
        "districtId": 19,
        "wardTotal": 10,
        "municipalityName":"गुजरा नगरपालिका"
    },
    {
        "municipalityId" : 378,
        "stateId" : 3,
        "districtId": 19,
        "wardTotal": 10,
        "municipalityName":"कटहरिया नगरपालिका"
    },
    {
        "municipalityId" : 379,
        "stateId" : 3,
        "districtId": 19,
        "wardTotal": 10,
        "municipalityName":"माधव नारायण नगरपालिका"
    },
    {
        "municipalityId" : 380,
        "stateId" : 3,
        "districtId": 19,
        "wardTotal": 10,
        "municipalityName":"मौलापुर नगरपालिका"
    },
    {
        "municipalityId" : 381,
        "stateId" : 3,
        "districtId": 19,
        "wardTotal": 10,
        "municipalityName":"फतुवाबिजयपुर नगरपालिका"
    },
    {
        "municipalityId" : 382,
        "stateId" : 3,
        "districtId": 19,
        "wardTotal": 10,
        "municipalityName":"ईशनाथ नगरपालिका"
    },
    {
        "municipalityId" : 383,
        "stateId" : 3,
        "districtId": 19,
        "wardTotal": 10,
        "municipalityName":"परोहा नगरपालिका"
    },
    {
        "municipalityId" : 384,
        "stateId" : 3,
        "districtId": 19,
        "wardTotal": 10,
        "municipalityName":"राजपुर नगरपालिका"
    },
    {
        "municipalityId" : 385,
        "stateId" : 3,
        "districtId": 19,
        "wardTotal": 10,
        "municipalityName":"राजदेवी नगरपालिका"
    },
    {
        "municipalityId" : 386,
        "stateId" : 3,
        "districtId": 19,
        "wardTotal": 10,
        "municipalityName":"दुर्गा भगवती गाउँपालिका"
    },
    {
        "municipalityId" : 387,
        "stateId" : 3,
        "districtId": 19,
        "wardTotal": 10,
        "municipalityName":"यमुनामाई गाउँपालिका"
    },
    {
        "municipalityId" : 388,
        "stateId" : 3,
        "districtId": 34,
        "wardTotal": 10,
        "municipalityName":"भरतपुर महानगरपालिका"
    },
    {
        "municipalityId" : 389,
        "stateId" : 3,
        "districtId": 34,
        "wardTotal": 10,
        "municipalityName":"कालिका नगरपालिका"
    },
    {
        "municipalityId" : 390,
        "stateId" : 3,
        "districtId": 34,
        "wardTotal": 10,
        "municipalityName":"खैरहनी नगरपालिका"
    },
    {
        "municipalityId" : 391,
        "stateId" : 3,
        "districtId": 34,
        "wardTotal": 10,
        "municipalityName":"माडी नगरपालिका"
    },
    {
        "municipalityId" : 392,
        "stateId" : 3,
        "districtId": 34,
        "wardTotal": 10,
        "municipalityName":"रत्ननगर नगरपालिका"
    },
    {
        "municipalityId" : 393,
        "stateId" : 3,
        "districtId": 34,
        "wardTotal": 10,
        "municipalityName":"राप्ती नगरपालिका"
    },
    {
        "municipalityId" : 394,
        "stateId" : 3,
        "districtId": 34,
        "wardTotal": 10,
        "municipalityName":"इच्छाकामना गाउँपालिका"
    },
    {
        "municipalityId" : 395,
        "stateId" : 3,
        "districtId": 3,
        "wardTotal": 10,
        "municipalityName":"भानु नगरपालिका"
    }
]
