[{
    "municipalityId" : 482,
    "stateId" : 5,
    "districtId": 46,
    "wardTotal": 10,
    "municipalityName":"मुसिकोट नगरपालिका"
},
    {
        "municipalityId" : 483,
        "stateId" : 5,
        "districtId": 46,
        "wardTotal": 10,
        "municipalityName":"रेसुङ्गा नगरपालिका"
    },
    {
        "municipalityId" : 484,
        "stateId" : 5,
        "districtId": 46,
        "wardTotal": 10,
        "municipalityName":"ईस्मा गाउँपालिका"
    },
    {
        "municipalityId" : 485,
        "stateId" : 5,
        "districtId": 46,
        "wardTotal": 10,
        "municipalityName":"कालीगण्डकी गाउँपालिका"
    },
    {
        "municipalityId" : 486,
        "stateId" : 5,
        "districtId": 46,
        "wardTotal": 10,
        "municipalityName":"गुल्मी दरबार गाउँपालिका"
    },
    {
        "municipalityId" : 487,
        "stateId" : 5,
        "districtId": 46,
        "wardTotal": 10,
        "municipalityName":"सत्यवती गाउँपालिका"
    },
    {
        "municipalityId" : 488,
        "stateId" : 5,
        "districtId": 46,
        "wardTotal": 10,
        "municipalityName":"चन्द्रकोट गाउँपालिका"
    },
    {
        "municipalityId" : 489,
        "stateId" : 5,
        "districtId": 46,
        "wardTotal": 10,
        "municipalityName":"रुरुक्षेत्र गाउँपालिका"
    },
    {
        "municipalityId" : 490,
        "stateId" : 5,
        "districtId": 46,
        "wardTotal": 10,
        "municipalityName":"छत्रकोट गाउँपालिका"
    },
    {
        "municipalityId" : 491,
        "stateId" : 5,
        "districtId": 46,
        "wardTotal": 10,
        "municipalityName":"धुर्कोट गाउँपालिका"
    },
    {
        "municipalityId" : 492,
        "stateId" : 5,
        "districtId": 46,
        "wardTotal": 10,
        "municipalityName":"मदाने गाउँपालिका"
    },
    {
        "municipalityId" : 493,
        "stateId" : 5,
        "districtId": 46,
        "wardTotal": 10,
        "municipalityName":"मालिका गाउँपालिका"
    },
    {
        "municipalityId" : 494,
        "stateId" : 5,
        "districtId": 47,
        "wardTotal": 10,
        "municipalityName":"रामपुर नगरपालिका"
    },
    {
        "municipalityId" : 495,
        "stateId" : 5,
        "districtId": 47,
        "wardTotal": 10,
        "municipalityName":"तानसेन नगरपालिका"
    },
    {
        "municipalityId" : 496,
        "stateId" : 5,
        "districtId": 47,
        "wardTotal": 10,
        "municipalityName":"निस्दी गाउँपालिका"
    },
    {
        "municipalityId" : 497,
        "stateId" : 5,
        "districtId": 47,
        "wardTotal": 10,
        "municipalityName":"पूर्वखोला गाउँपालिका"
    },
    {
        "municipalityId" : 498,
        "stateId" : 5,
        "districtId": 47,
        "wardTotal": 10,
        "municipalityName":"रम्भा गाउँपालिका"
    },
    {
        "municipalityId" : 499,
        "stateId" : 5,
        "districtId": 47,
        "wardTotal": 10,
        "municipalityName":"माथागढी गाउँपालिका"
    },
    {
        "municipalityId" : 500,
        "stateId" : 5,
        "districtId": 47,
        "wardTotal": 10,
        "municipalityName":"तिनाउ गाउँपालिका"
    },
    {
        "municipalityId" : 501,
        "stateId" : 5,
        "districtId": 47,
        "wardTotal": 10,
        "municipalityName":"बगनासकाली गाउँपालिका"
    },
    {
        "municipalityId" : 502,
        "stateId" : 5,
        "districtId": 47,
        "wardTotal": 10,
        "municipalityName":"रिब्दिकोट गाउँपालिका"
    },
    {
        "municipalityId" : 503,
        "stateId" : 5,
        "districtId": 47,
        "wardTotal": 10,
        "municipalityName":"रैनादेवी छहरा गाउँपालिका"
    },
    {
        "municipalityId" : 504,
        "stateId" : 5,
        "districtId": 48,
        "wardTotal": 10,
        "municipalityName":"बुटवल उपमहानगरपालिका"
    },
    {
        "municipalityId" : 505,
        "stateId" : 5,
        "districtId": 48,
        "wardTotal": 10,
        "municipalityName":"देवदह नगरपालिका"
    },
    {
        "municipalityId" : 506,
        "stateId" : 5,
        "districtId": 48,
        "wardTotal": 10,
        "municipalityName":"लुम्बिनी सांस्कृतिक नगरपालिका"
    },
    {
        "municipalityId" : 507,
        "stateId" : 5,
        "districtId": 48,
        "wardTotal": 10,
        "municipalityName":"सैनामैना नगरपालिका"
    },
    {
        "municipalityId" : 508,
        "stateId" : 5,
        "districtId": 48,
        "wardTotal": 10,
        "municipalityName":"सिद्धार्थनगर नगरपालिका"
    },
    {
        "municipalityId" : 509,
        "stateId" : 5,
        "districtId": 48,
        "wardTotal": 10,
        "municipalityName":"तिलोत्तमा नगरपालिका"
    },
    {
        "municipalityId" : 510,
        "stateId" : 5,
        "districtId": 48,
        "wardTotal": 10,
        "municipalityName":"गैडहवा गाउँपालिका"
    },
    {
        "municipalityId" : 511,
        "stateId" : 5,
        "districtId": 48,
        "wardTotal": 10,
        "municipalityName":"कन्चन गाउँपालिका"
    },
    {
        "municipalityId" : 512,
        "stateId" : 5,
        "districtId": 48,
        "wardTotal": 10,
        "municipalityName":"कोटहीमाई गाउँपालिका"
    },
    {
        "municipalityId" : 513,
        "stateId" : 5,
        "districtId": 48,
        "wardTotal": 10,
        "municipalityName":"मर्चवारी गाउँपालिका"
    },
    {
        "municipalityId" : 514,
        "stateId" : 5,
        "districtId": 48,
        "wardTotal": 10,
        "municipalityName":"मायादेवी गाउँपालिका"
    },
    {
        "municipalityId" : 515,
        "stateId" : 5,
        "districtId": 48,
        "wardTotal": 10,
        "municipalityName":"ओमसतिया गाउँपालिका"
    },
    {
        "municipalityId" : 516,
        "stateId" : 5,
        "districtId": 48,
        "wardTotal": 10,
        "municipalityName":"रोहिणी गाउँपालिका"
    },
    {
        "municipalityId" : 517,
        "stateId" : 5,
        "districtId": 48,
        "wardTotal": 10,
        "municipalityName":"सम्मरीमाई गाउँपालिका"
    },
    {
        "municipalityId" : 518,
        "stateId" : 5,
        "districtId": 48,
        "wardTotal": 10,
        "municipalityName":"सियारी गाउँपालिका"
    },
    {
        "municipalityId" : 519,
        "stateId" : 5,
        "districtId": 48,
        "wardTotal": 10,
        "municipalityName":"शुद्धोधन गाउँपालिका"
    },
    {
        "municipalityId" : 520,
        "stateId" : 5,
        "districtId": 49,
        "wardTotal": 10,
        "municipalityName":"कपिलवस्तु नगरपालिका"
    },
    {
        "municipalityId" : 521,
        "stateId" : 5,
        "districtId": 49,
        "wardTotal": 10,
        "municipalityName":"बुद्धभुमी नगरपालिका"
    },
    {
        "municipalityId" : 522,
        "stateId" : 5,
        "districtId": 49,
        "wardTotal": 10,
        "municipalityName":"शिवराज नगरपालिका"
    },
    {
        "municipalityId" : 523,
        "stateId" : 5,
        "districtId": 49,
        "wardTotal": 10,
        "municipalityName":"महाराजगंज नगरपालिका"
    },
    {
        "municipalityId" : 524,
        "stateId" : 5,
        "districtId": 49,
        "wardTotal": 10,
        "municipalityName":"कृष्णनगर नगरपालिका"
    },
    {
        "municipalityId" : 525,
        "stateId" : 5,
        "districtId": 49,
        "wardTotal": 10,
        "municipalityName":"बाणगंगा नगरपालिका"
    },
    {
        "municipalityId" : 526,
        "stateId" : 5,
        "districtId": 49,
        "wardTotal": 10,
        "municipalityName":"मायादेवी गाउँपालिका"
    },
    {
        "municipalityId" : 527,
        "stateId" : 5,
        "districtId": 49,
        "wardTotal": 10,
        "municipalityName":"यसोधरा गाउँपालिका"
    },
    {
        "municipalityId" : 528,
        "stateId" : 5,
        "districtId": 49,
        "wardTotal": 10,
        "municipalityName":"सुद्धोधन गाउँपालिका"
    },
    {
        "municipalityId" : 529,
        "stateId" : 5,
        "districtId": 49,
        "wardTotal": 10,
        "municipalityName":"विजयनगर गाउँपालिका"
    },
    {
        "municipalityId" : 530,
        "stateId" : 5,
        "districtId": 50,
        "wardTotal": 10,
        "municipalityName":"सन्धिखर्क नगरपालिका"
    },
    {
        "municipalityId" : 531,
        "stateId" : 5,
        "districtId": 50,
        "wardTotal": 10,
        "municipalityName":"शितगंगा नगरपालिका"
    },
    {
        "municipalityId" : 532,
        "stateId" : 5,
        "districtId": 50,
        "wardTotal": 10,
        "municipalityName":"भूमिकास्थान नगरपालिका"
    },
    {
        "municipalityId" : 533,
        "stateId" : 5,
        "districtId": 50,
        "wardTotal": 10,
        "municipalityName":"छत्रदेव गाउँपालिका"
    },
    {
        "municipalityId" : 534,
        "stateId" : 5,
        "districtId": 50,
        "wardTotal": 10,
        "municipalityName":"पाणिनी गाउँपालिका"
    },
    {
        "municipalityId" : 535,
        "stateId" : 5,
        "districtId": 50,
        "wardTotal": 10,
        "municipalityName":"मालारानी गाउँपालिका"
    },
    {
        "municipalityId" : 536,
        "stateId" : 5,
        "districtId": 51,
        "wardTotal": 10,
        "municipalityName":"प्यूठान नगरपालिका"
    },
    {
        "municipalityId" : 537,
        "stateId" : 5,
        "districtId": 51,
        "wardTotal": 10,
        "municipalityName":"स्वर्गद्वारी नगरपालिका"
    },
    {
        "municipalityId" : 538,
        "stateId" : 5,
        "districtId": 51,
        "wardTotal": 10,
        "municipalityName":"गौमुखी गाउँपालिका"
    },
    {
        "municipalityId" : 539,
        "stateId" : 5,
        "districtId": 51,
        "wardTotal": 10,
        "municipalityName":"माण्डवी गाउँपालिका"
    },
    {
        "municipalityId" : 540,
        "stateId" : 5,
        "districtId": 51,
        "wardTotal": 10,
        "municipalityName":"सरुमारानी गाउँपालिका"
    },
    {
        "municipalityId" : 541,
        "stateId" : 5,
        "districtId": 51,
        "wardTotal": 10,
        "municipalityName":"मल्लरानी गाउँपालिका"
    },
    {
        "municipalityId" : 542,
        "stateId" : 5,
        "districtId": 51,
        "wardTotal": 10,
        "municipalityName":"नौवहिनी गाउँपालिका"
    },
    {
        "municipalityId" : 543,
        "stateId" : 5,
        "districtId": 51,
        "wardTotal": 10,
        "municipalityName":"झिमरुक गाउँपालिका"
    },
    {
        "municipalityId" : 544,
        "stateId" : 5,
        "districtId": 51,
        "wardTotal": 10,
        "municipalityName":"ऐरावती गाउँपालिका"
    },
    {
        "municipalityId" : 545,
        "stateId" : 5,
        "districtId": 52,
        "wardTotal": 10,
        "municipalityName":"रोल्पा नगरपालिका"
    },
    {
        "municipalityId" : 546,
        "stateId" : 5,
        "districtId": 52,
        "wardTotal": 10,
        "municipalityName":"त्रिवेणी गाउँपालिका"
    },
    {
        "municipalityId" : 547,
        "stateId" : 5,
        "districtId": 52,
        "wardTotal": 10,
        "municipalityName":"परिवर्तन गाउँपालिका"
    },
    {
        "municipalityId" : 548,
        "stateId" : 5,
        "districtId": 52,
        "wardTotal": 10,
        "municipalityName":"माडी गाउँपालिका"
    },
    {
        "municipalityId" : 549,
        "stateId" : 5,
        "districtId": 52,
        "wardTotal": 10,
        "municipalityName":"रुन्टीगढी गाउँपालिका"
    },
    {
        "municipalityId" : 550,
        "stateId" : 5,
        "districtId": 52,
        "wardTotal": 10,
        "municipalityName":"लुङग्री गाउँपालिका"
    },
    {
        "municipalityId" : 551,
        "stateId" : 5,
        "districtId": 52,
        "wardTotal": 10,
        "municipalityName":"गंगादेव गाउँपालिका"
    },
    {
        "municipalityId" : 552,
        "stateId" : 5,
        "districtId": 52,
        "wardTotal": 10,
        "municipalityName":"सुनछहरी गाउँपालिका"
    },
    {
        "municipalityId" : 553,
        "stateId" : 5,
        "districtId": 52,
        "wardTotal": 10,
        "municipalityName":"सुनिल स्मृति गाउँपालिका"
    },
    {
        "municipalityId" : 554,
        "stateId" : 5,
        "districtId": 52,
        "wardTotal": 10,
        "municipalityName":"थवाङ गाउँपालिका"
    },
    {
        "municipalityId" : 555,
        "stateId" : 5,
        "districtId": 53,
        "wardTotal": 10,
        "municipalityName":"मुसिकोट नगरपालिका"
    },
    {
        "municipalityId" : 556,
        "stateId" : 5,
        "districtId": 53,
        "wardTotal": 10,
        "municipalityName":"चौरजहारी नगरपालिका"
    },
    {
        "municipalityId" : 557,
        "stateId" : 5,
        "districtId": 53,
        "wardTotal": 10,
        "municipalityName":"आठबिसकोट नगरपालिका"
    },
    {
        "municipalityId" : 558,
        "stateId" : 5,
        "districtId": 53,
        "wardTotal": 10,
        "municipalityName":"पुथा उत्तरगंगा गाउँपालिका"
    },
    {
        "municipalityId" : 559,
        "stateId" : 5,
        "districtId": 53,
        "wardTotal": 10,
        "municipalityName":"भूमे गाउँपालिका"
    },
    {
        "municipalityId" : 560,
        "stateId" : 5,
        "districtId": 53,
        "wardTotal": 10,
        "municipalityName":"सिस्ने गाउँपालिका"
    },
    {
        "municipalityId" : 561,
        "stateId" : 5,
        "districtId": 53,
        "wardTotal": 10,
        "municipalityName":"बाँफिकोट गाउँपालिका"
    },
    {
        "municipalityId" : 562,
        "stateId" : 5,
        "districtId": 53,
        "wardTotal": 10,
        "municipalityName":"त्रिवेणी गाउँपालिका"
    },
    {
        "municipalityId" : 563,
        "stateId" : 5,
        "districtId": 53,
        "wardTotal": 10,
        "municipalityName":"सानी भेरी गाउँपालिका"
    },
    {
        "municipalityId" : 564,
        "stateId" : 5,
        "districtId": 55,
        "wardTotal": 10,
        "municipalityName":"नेपालगंज उपमहानगरपालिका"
    },
    {
        "municipalityId" : 565,
        "stateId" : 5,
        "districtId": 55,
        "wardTotal": 10,
        "municipalityName":"कोहलपुर नगरपालिका"
    },
    {
        "municipalityId" : 566,
        "stateId" : 5,
        "districtId": 55,
        "wardTotal": 10,
        "municipalityName":"नरैनापुर गाउँपालिका"
    },
    {
        "municipalityId" : 567,
        "stateId" : 5,
        "districtId": 55,
        "wardTotal": 10,
        "municipalityName":"राप्ती सोनारी गाउँपालिका"
    },
    {
        "municipalityId" : 568,
        "stateId" : 5,
        "districtId": 55,
        "wardTotal": 10,
        "municipalityName":"बैजनाथ गाउँपालिका"
    },
    {
        "municipalityId" : 569,
        "stateId" : 5,
        "districtId": 55,
        "wardTotal": 10,
        "municipalityName":"खजुरा गाउँपालिका"
    },
    {
        "municipalityId" : 570,
        "stateId" : 5,
        "districtId": 55,
        "wardTotal": 10,
        "municipalityName":"डुडुवा गाउँपालिका"
    },
    {
        "municipalityId" : 571,
        "stateId" : 5,
        "districtId": 55,
        "wardTotal": 10,
        "municipalityName":"जानकी गाउँपालिका"
    },
    {
        "municipalityId" : 572,
        "stateId" : 5,
        "districtId": 56,
        "wardTotal": 10,
        "municipalityName":"गुलरिया नगरपालिका"
    },
    {
        "municipalityId" : 573,
        "stateId" : 5,
        "districtId": 56,
        "wardTotal": 10,
        "municipalityName":"मधुवन नगरपालिका"
    },
    {
        "municipalityId" : 574,
        "stateId" : 5,
        "districtId": 56,
        "wardTotal": 10,
        "municipalityName":"राजापुर नगरपालिका"
    },
    {
        "municipalityId" : 575,
        "stateId" : 5,
        "districtId": 56,
        "wardTotal": 10,
        "municipalityName":"ठाकुरबाबा नगरपालिका"
    },
    {
        "municipalityId" : 576,
        "stateId" : 5,
        "districtId": 56,
        "wardTotal": 10,
        "municipalityName":"बाँसगढी नगरपालिका"
    },
    {
        "municipalityId" : 577,
        "stateId" : 5,
        "districtId": 56,
        "wardTotal": 10,
        "municipalityName":"बारबर्दिया नगरपालिका"
    },
    {
        "municipalityId" : 578,
        "stateId" : 5,
        "districtId": 56,
        "wardTotal": 10,
        "municipalityName":"बढैयाताल गाउँपालिका"
    },
    {
        "municipalityId" : 579,
        "stateId" : 5,
        "districtId": 56,
        "wardTotal": 10,
        "municipalityName":"गेरुवा गाउँपालिका"
    },
    {
        "municipalityId" : 580,
        "stateId" : 5,
        "districtId": 57,
        "wardTotal": 10,
        "municipalityName":"कावासोती नगरपालिका"
    },
    {
        "municipalityId" : 581,
        "stateId" : 5,
        "districtId": 57,
        "wardTotal": 10,
        "municipalityName":"गैडाकोट नगरपालिका"
    },
    {
        "municipalityId" : 582,
        "stateId" : 5,
        "districtId": 57,
        "wardTotal": 10,
        "municipalityName":"देवचुली नगरपालिका"
    },
    {
        "municipalityId" : 583,
        "stateId" : 5,
        "districtId": 57,
        "wardTotal": 10,
        "municipalityName":"मध्यविन्दु नगरपालिका"
    },
    {
        "municipalityId" : 584,
        "stateId" : 5,
        "districtId": 57,
        "wardTotal": 10,
        "municipalityName":"बौदीकाली गाउँपालिका"
    },
    {
        "municipalityId" : 585,
        "stateId" : 5,
        "districtId": 57,
        "wardTotal": 10,
        "municipalityName":"बुलिङटार गाउँपालिका"
    },
    {
        "municipalityId" : 586,
        "stateId" : 5,
        "districtId": 57,
        "wardTotal": 10,
        "municipalityName":"विनयी त्रिवेणी गाउँपालिका"
    },
    {
        "municipalityId" : 587,
        "stateId" : 5,
        "districtId": 57,
        "wardTotal": 10,
        "municipalityName":"हुप्सेकोट गाउँपालिका"
    },
    {
        "municipalityId" : 588,
        "stateId" : 5,
        "districtId": 57,
        "wardTotal": 10,
        "municipalityName":"बर्दघाट नगरपालिका"
    },
    {
        "municipalityId" : 589,
        "stateId" : 5,
        "districtId": 57,
        "wardTotal": 10,
        "municipalityName":"रामग्राम नगरपालिका"
    },
    {
        "municipalityId" : 590,
        "stateId" : 5,
        "districtId": 57,
        "wardTotal": 10,
        "municipalityName":"सुनवल नगरपालिका"
    },
    {
        "municipalityId" : 591,
        "stateId" : 5,
        "districtId": 57,
        "wardTotal": 10,
        "municipalityName":"सुस्ता गाउँपालिका"
    },
    {
        "municipalityId" : 592,
        "stateId" : 5,
        "districtId": 57,
        "wardTotal": 10,
        "municipalityName":"पाल्हीनन्दन गाउँपालिका"
    },
    {
        "municipalityId" : 593,
        "stateId" : 5,
        "districtId": 57,
        "wardTotal": 10,
        "municipalityName":"प्रतापपुर गाउँपालिका"
    },
    {
        "municipalityId" : 594,
        "stateId" : 5,
        "districtId": 57,
        "wardTotal": 10,
        "municipalityName":"सरावल गाउँपालिका"
    }
]
