[
    {
        "wardId" : 1,
        "wardName":"वोदा न. १"
    },{
    "wardId" : 2,
    "wardName":"वोदा न. २"
},{
    "wardId" : 3,
    "wardName":"वोदा न. ३"
},{
    "wardId" : 4,
    "wardName":"वोदा न. ४"
},{
    "wardId" : 5,
    "wardName":"वोदा न. ५"
},{
    "wardId" : 6,
    "wardName":"वोदा न. ६"
},{
    "wardId" : 7,
    "wardName":"वोदा न. ७"
},{
    "wardId" : 8,
    "wardName":"वोदा न. ८"
},{
    "wardId" : 9,
    "wardName":"वोदा न. ९"
},{
    "wardId" : 10,
    "wardName":"वोदा न. १०"
},{
    "wardId" : 11,
    "wardName":"वोदा न. ११"
},{
    "wardId" : 12,
    "wardName":"वोदा न. १२"
},{
    "wardId" : 13,
    "wardName":"वोदा न. १३"
},{
    "wardId" : 14,
    "wardName":"वोदा न. १४"
},{
    "wardId" : 15,
    "wardName":"वोदा न. १५"
},{
    "wardId" : 16,
    "wardName":"वोदा न. १६"
},{
    "wardId" : 17,
    "wardName":"वोदा न. १७"
},{
    "wardId" : 18,
    "wardName":"वोदा न. १८"
},{
    "wardId" : 19,
    "wardName":"वोदा न. १९"
},{
    "wardId" : 20,
    "wardName":"वोदा न. २०"
},{
    "wardId" : 21,
    "wardName":"वोदा न. २१"
},{
    "wardId" : 22,
    "wardName":"वोदा न. २२"
},{
    "wardId" : 23,
    "wardName":"वोदा न. २३"
},{
    "wardId" : 24,
    "wardName":"वोदा न. २४"
},{
    "wardId" : 25,
    "wardName":"वोदा न. २५"
}
]